{
  "gpaino.note_1": {
    "sounds": [
      "gpaino/note_1"
    ]
  },
  "gpaino.note_2": {
    "sounds": [
      "gpaino/note_2"
    ]
  },
  "gpaino.note_3": {
    "sounds": [
      "gpaino/note_3"
    ]
  },
  "gpaino.note_4": {
    "sounds": [
      "gpaino/note_4"
    ]
  },
  "gpaino.note_5": {
    "sounds": [
      "gpaino/note_5"
    ]
  },
  "gpaino.note_6": {
    "sounds": [
      "gpaino/note_6"
    ]
  },
  "gpaino.note_7": {
    "sounds": [
      "gpaino/note_7"
    ]
  },
  "gpaino.note_8": {
    "sounds": [
      "gpaino/note_8"
    ]
  },
  "gpaino.note_9": {
    "sounds": [
      "gpaino/note_9"
    ]
  },
  "gpaino.note_10": {
    "sounds": [
      "gpaino/note_10"
    ]
  },
  "gpaino.note_11": {
    "sounds": [
      "gpaino/note_11"
    ]
  },
  "gpaino.note_12": {
    "sounds": [
      "gpaino/note_12"
    ]
  },
  "gpaino.note_13": {
    "sounds": [
      "gpaino/note_13"
    ]
  },
  "gpaino.note_14": {
    "sounds": [
      "gpaino/note_14"
    ]
  },
  "gpaino.note_15": {
    "sounds": [
      "gpaino/note_15"
    ]
  },
  "gpaino.note_16": {
    "sounds": [
      "gpaino/note_16"
    ]
  },
  "gpaino.note_17": {
    "sounds": [
      "gpaino/note_17"
    ]
  },
  "gpaino.note_18": {
    "sounds": [
      "gpaino/note_18"
    ]
  },
  "gpaino.note_19": {
    "sounds": [
      "gpaino/note_19"
    ]
  },
  "gpaino.note_20": {
    "sounds": [
      "gpaino/note_20"
    ]
  },
  "gpaino.note_21": {
    "sounds": [
      "gpaino/note_21"
    ]
  }
}